{
    "name": "timecircles",
    "version": "1.0.0",
    "title": "jQuery TimeCircles",
    "author": {
        "name" : "Wim Barelds",
        "email" : "wim.barelds@gmail.com",
        "url" : "http://www.wimbarelds.nl/"
    },
    "licenses": [
        {
            "type": "MIT",
            "url": "http://git.wimbarelds.nl/TimeCircles/MIT.txt"
        }
    ],
    "dependencies": {
        "jquery": ">= 1.9.1"
    },
    "description": "TimeCircles is a jQuery plugin that provides a nice looking way to either count down towards a certain time, or to count up from a certain time. The goal for TimeCircles is to provide a simple yet dynamic tool that makes it very easy to provide visitors an attractive countdown or timer.",
    "keywords": ["timer", "stopwatch", "count", "countdown", "time"],
    "docs": "http://git.wimbarelds.nl/TimeCircles/readme.php",
    "demo": "http://git.wimbarelds.nl/TimeCircles/",
    "download": "http://git.wimbarelds.nl/TimeCircles/TimeCircles.zip"
}
